review_id,stars,date,title,text,source,product,version,vote_count
Ci9DQUlRQUNvZENodHljRjlvT25aMGQwRnBibEZzVWtjdFRrZDVWbFJXV0c5S05VRRAB,2.0,2026-09-16,,"Unfortunately, I cannot leave the rave review I originally thought I would.  My first visit was a great experience. Kima did my nails, and she was excellent. I was very happy with the service and fully intended to continue coming back. Kima was compassionate, kind and a good listener as to what I wanted, and how I wanted my nails.  My second experience, however, was completely different. During a previous conversation, I had simply asked the owner, Louisa, about eyebrow services for my mother-in-law. I specifically said that I would get back in touch if she was interested. I never contacted the salon again about the eyebrow service because my mother-in-law was not interested, especially at the quoted price of $300.  When I later called the salon to verify my upcoming nail appointment, Louisa immediately told me that I had missed an eyebrow appointment and that the eyebrow technician had been there waiting for me. I was extremely confused because I had never scheduled an eyebrow appointment.  Louisa stated that she had sent me a text regarding the appointment. I checked my regular messages, spam, WhatsApp, and even my email to make sure I had not overlooked anything. I found no message, confirmation, reminder, or communication showing that an eyebrow appointment had ever been scheduled.  I tried to explain that I had only inquired about the service and had never actually booked anything, but I did not feel that my concerns were being heard. I was simply calling to verify my nail appointment.  Louisa then told me she would text me the date and time of my nail appointment. That text never came either.  At that point, I decided to find another salon where appointments are clearly confirmed by text, phone, or email so there is no confusion.  It is disappointing because my first experience with Kima was genuinely excellent, and I really liked the salon. Unfortunately, based on my communication experience with the owner, I will not be returning.",google_maps,Kiss nail bar,,0
Ci9DQUlRQUNvZENodHljRjlvT25CbFVtcHNSek15VDB4b2VsOXpkRWxKTkZJeFVGRRAB,5.0,2026-09-14,,"I visited this salon for a pedicure and was absolutely delighted! You can see in the photo just how neat and elegant the gel polish looks—it’s exactly the result I wanted. The salon is clean and spacious, and the technician, Tamzhit, is polite and welcoming; what more could a woman ask for to truly relax? I highly recommend this salon.",google_maps,Kiss nail bar,,0
Ci9DQUlRQUNvZENodHljRjlvT2twRlpFdDRZMFIwVld4cGRFNVRXREJ5T0RWWmNVRRAB,5.0,2026-09-14,,"I want to leave a glowing review for the technician, Tamzhit—the pedicure was absolutely amazing! Pleasant water, a delightful scrub-massage, and smooth heels—I definitely want to come back!",google_maps,Kiss nail bar,,0
Ci9DQUlRQUNvZENodHljRjlvT25WMFJVUnpNRkE1Y2psblZuWmhXVFp0Y2xoaFVWRRAB,5.0,2026-09-14,,"A wonderful salon! It’s new, clean, and beautifully welcoming. The nail technicians are friendly, attentive, and true professionals.  I really enjoyed my experience from start to finish and will definitely be coming back. My manicure was perfect!  Thank you so much! I highly recommend this salon. ❤️",google_maps,Kiss nail bar,,0
Ci9DQUlRQUNvZENodHljRjlvT2xWSExUUjNaelpZT1Vaa1JtOXNNekV3YURFd1ZWRRAB,5.0,2026-09-14,,My daughters sweet 16 is this weekend and she needed her little toesies done! Izza I believe was her name did great very sweet!!  Symbat did my daughters nails! She went above and beyond. Gave my daughter exactly what she wanted for her upcoming sweet 16! So sweet accommodating funny! Absolutely amazing!!,google_maps,Kiss nail bar,,0
Ci9DQUlRQUNvZENodHljRjlvT2xaR1NWYzJWa3RuVDJabkxXRlBVVGt3VjNoblNFRRAB,5.0,2026-09-14,,"It was awesome experience in KISS nail bar! Cozy atmosphere in salon, polite stuff, appropriate prices for service! I did my nails with Symbat. She did a really good job!! Thanks! Definitely will continue to do a beautiful nails with you guys!",google_maps,Kiss nail bar,,0
Ci9DQUlRQUNvZENodHljRjlvT2trNFlsbEdSQzB0T0dodU9XWmFZMFZTTkdwTmFHYxAB,5.0,2026-09-07,,Was a walk in for a last minute pedicure- women were so nice and welcoming- got in right away! Space is spotless and pedicure was meticulous. Thank you- I’ll be back!!,google_maps,Kiss nail bar,,0
Ci9DQUlRQUNvZENodHljRjlvT2sxUVQzSlZNMVJ5WjNwWU9UUmtiekJUV1VWNFlsRRAB,5.0,2025-09-21,,"My girl got a new suite!!!🥹🥹❤️ She’s been getting me right for over 6 months now and NEVER disappoints! Her new suite is a double suite, where she does hair services in one and lashes in the other. Her new bed made me feel super tiny, which is always a plus😂😂 I’m so happy for her, she really deserve it all🥹",google_maps,Bling Barbiee,,0
ChZDSUhNMG9nS0VJZjQ0NnJrdl8zWUVnEAE,5.0,2025-09-21,,Treasure is a wonderful teacher and a skilled lash artist. I took a 2 day beginner’s lash extension application course with no experience and now I have the confidence to try any lash set! I highly recommend Bling Barbiee’s educational programs.,google_maps,Bling Barbiee,,0
ChdDSUhNMG9nS0VJQ0FnTURJOUxYTzZBRRAB,5.0,2025-09-21,,"I have purchased lash glue from Bling Barbiee for a few months now and have been so impressed with it. Retention is great, and it works well on all my clients. My package was put together so professionally and cute! Great quality and lucky to be able to support another local small business!",google_maps,Bling Barbiee,,0
ChdDSUhNMG9nS0VJQ0FnTUNJdDlPWnp3RRAB,5.0,2025-09-21,,If you’ve been looking for a new lash tech in the charlotte area you can stop here😂 my girl hooked me up but more importantly made me feel so comfortable. When I first got in her chair i let her know it was my first time getting lashes and she was so gentle with me. She made the  time to reach out to me about a week after my appointments just to see how I liked them/how they were doing. I have definitely found my lash tech and I hope I helped you time yours too!💋,google_maps,Bling Barbiee,,0
ChdDSUhNMG9nS0VJQ0FnTUNJLThUUXlRRRAB,5.0,2025-09-21,,I’ve been with bling barbiee since i started my lash journey and it have been amazing from the start. i started september 2024 and i haven’t stopped going or changed my lash tech. she’s very considerate and kind and always make sure you enjoy your service.,google_maps,Bling Barbiee,,0
ChZDSUhNMG9nS0VJQ0FnTUNJdTVYelB3EAE,5.0,2025-09-21,,I love the lash glue it’s dries in seconds and it’s reasonable pricing for the size.,google_maps,Bling Barbiee,,0
ChdDSUhNMG9nS0VJQ0FnSURienBXYzdBRRAB,5.0,2024-09-21,,Treasure has been doing my daughter's lashes for over a year now. She's always very pleasant and does great work! My daughter is always happy with her lashes!,google_maps,Bling Barbiee,,0
ChZDSUhNMG9nS0VJQ0FnSURicklMbFp3EAE,5.0,2024-09-21,,"LISTEN!! The absolute BEST experience I’ve ever had with my lashes. I was referred by my sister and have not turned away. Clean, beautiful space. Skills like no other. She takes her time and makes sure she is giving you exactly what you want. Great vibes, cool and just overall sweetheart. I won’t go to anyone else!",google_maps,Bling Barbiee,,0
ChdDSUhNMG9nS0VJQ0FnSUNiMXZTY3J3RRAB,5.0,2024-09-21,,"I always have the best experience when I visit Bling Barbiee. It’s the cutest salon, it’s always clean, and Treasure is always professional and on time. Her work is thorough and it’s consistent. Book your Bling Barbiee experience…you won’t regret it! :)",google_maps,Bling Barbiee,,0
ChdDSUhNMG9nS0VJQ0FnSUNibXUzUmdnRRAB,5.0,2024-09-21,,i love getting my lashes done by the one and only bling barbiee 💕 i wish i could have her on my college campus with me 😂.,google_maps,Bling Barbiee,,0
ChdDSUhNMG9nS0VJQ0FnSUNidk9xWXF3RRAB,5.0,2024-09-21,,"Amazing! If you’re thinking about booking with her just do it! I’ve been coming to Bling Barbiee for about 4 years. I moved to Charlotte from NYC & bling Barbie gets DOWN!!!! She’s professional, attentive & extremely thorough! Such a sweet person and a BUSINESS WOMAN . I’ve been to her on multiple occasions and she shows up everytime! Thank you bling Barbiee 🫶🏽",google_maps,Bling Barbiee,,0
ChZDSUhNMG9nS0VJQ0FnSUNiM09hYlp3EAE,5.0,2024-09-21,,"I have always had an awesome experience getting my lashes done and they always look even better than the last time!  Products are amazing , glue never burns my eyes , lashes feel really light and comfortable and I’m never in discomfort which is a big deal for me! Blue quality is top notch ! My lashes hold on for a while no matter for much I wash my face and do my skin care routines. I’m locked in with bling Barbie !",google_maps,Bling Barbiee,,0
ChZDSUhNMG9nS0VJQ0FnSUNibkxiMUJREAE,5.0,2024-09-21,,"“Stuck on bling” is the BEST lash adhesive I’ve used in my 4 years of lashing. (Pair it with the sealant even better) I never found a glue that worked perfect for me until I started using stuck on bling, haven’t had a problem since! retention is AMAZING! you and your clients will be satisfied:) will forever recommend trying it!",google_maps,Bling Barbiee,,0
ChdDSUhNMG9nS0VJQ0FnSUNiMVAyU3dRRRAB,5.0,2024-09-21,,LOVE!! Her customer service was great !! Loved my lashes and they lasted over a month without a fill in I also went swimming under water with my lashes and there was no irritation or burning also none came off BOOK NOW !!!!,google_maps,Bling Barbiee,,0
ChdDSUhNMG9nS0VJQ0FnSUNiMUszWWxRRRAB,5.0,2024-09-21,,"I am very new to lashing and was recommended Bling Barbiee ‘Stuck on Bling’ lash adhesive and ‘Sealed In’ Sealant. I will be forever grateful that I didn’t have to try a million different adhesives to find one that works. This adhesive/bonder combo has amazing retention, and is the perfect dry time for me. I tell all my esthetician friends getting into lashing to get this adhesive! 🤍",google_maps,Bling Barbiee,,0
ChdDSUhNMG9nS0VJQ0FnSUNibElfZ3hBRRAB,5.0,2024-09-21,,Fiber grip tweezers 10/10 as well as the volume lash trays!!! Good quality,google_maps,Bling Barbiee,,0
ChZDSUhNMG9nS0VJQ0FnSUNibE1mTE5nEAE,5.0,2024-09-21,,"Amazing service so professional and welcoming, her facility is very chic but professional and I loved my lash retention! Also great prices, would come again!",google_maps,Bling Barbiee,,0
ChZDSUhNMG9nS0VJQ0FnSUNibEkyOVZnEAE,5.0,2024-09-21,,"I moved from NYC about a year ago, and I was nervous about finding a new lash tech here in Charlotte. I found Blingbarbiee through Instagram and booked with her because her work on IG was exactly what I wanted. I must say she’s the best lash tech I had in Charlotte. She customizes your set to exactly what you want, her sets actually last, and she’s super nice and understanding. I definitely recommend booking with her because you would be 100% satisfied!!",google_maps,Bling Barbiee,,0
ChZDSUhNMG9nS0VJQ0FnSUNibFBYc1RnEAE,5.0,2024-09-21,,"I’ve been getting my lashes done from her for the past two months now and when I tell you, she’s the bomb, she is the bomb every time I walk out of there. I’m just amazed by how she has my lashes looking she’s very talented. I’m so glad I found her.",google_maps,Bling Barbiee,,0
ChZDSUhNMG9nS0VJQ0FnSUNEM2QyZFdnEAE,5.0,2024-09-21,,"this was my first experience getting lashes 100/00, very gentle, playlist 10/10.",google_maps,Bling Barbiee,,0
ChdDSUhNMG9nS0VJQ0FnSURacWNLTG5nRRAB,5.0,2024-09-21,,Always on time with a clean shop. She is very professional and takes pride in her craft. She has retwisted my locs and maintained my eye lash extensions,google_maps,Bling Barbiee,,0
ChZDSUhNMG9nS0VJQ0FnSURaNGRMOVJBEAE,5.0,2024-09-21,,I lovvvve shopping with Bling Barbie ! She responds very quickly & comes through everytime no hesitation!  her products are amazing !! Definitely 10/10,google_maps,Bling Barbiee,,0
ChZDSUhNMG9nS0VJQ0FnSURadnVhdEdREAE,5.0,2024-09-21,,"I’ve been getting serviced by BlingBarbie for over a year and she NEVER disappoints no matter what service she provides. I travel all the way from Atlanta, Georgia for my appointments. My lashes are always very full, isolated, and neat. They also last very long before needing a fill. The music played during the service is very calming, and the sanitation of the salon is on point. Can’t want to come back!",google_maps,Bling Barbiee,,2
ChZDSUhNMG9nS0VJQ0FnSURabm92eGJnEAE,5.0,2024-09-21,,I love her Bling Adhesive!! I’ve been a lash artist for 6 years & I’ve tried plenty of different products so I can honestly say my retention has been the best with her adhesive. I’d recommend anyone to shop!,google_maps,Bling Barbiee,,1
ChZDSUhNMG9nS0VJQ0FnSURabnZYTkxREAE,5.0,2024-09-21,,"I moved from London to near charlotte and was nervous about changing my lash tech, but after coming to treasure I couldn't be happier with the results! I literally drive an hour to get my lashes done by her! 💕",google_maps,Bling Barbiee,,0
ChdDSUhNMG9nS0VJQ0FnSURaenBLc2hBRRAB,5.0,2024-09-21,,"I’ve been going to Treasure for 4 years and she’s yet to disappoint me. From the cleanliness of her suite, the hospitality she provides and the quality of service you receive there’s no way for you to leave unsatisfied. If you’re looking for a lash tech that cares about your satisfaction AND your lash health , book with her.",google_maps,Bling Barbiee,,0
ChZDSUhNMG9nS0VJQ0FnSURaenVUalV3EAE,5.0,2024-09-21,,"She is the best ! 🤩 Her prices are great , her work is amazing my lashes always last me ever since i found her on instagram & im so glad that i did! She is the sweetest and i love how she makes sure to work with what you like. Everything from her booking site to her work & her work space is just amazing!❤️",google_maps,Bling Barbiee,,0
ChdDSUhNMG9nS0VJQ0FnSURaenBpT2tnRRAB,5.0,2024-09-21,,I DEFINITELY RECOMMEND!! Her work is soo good and the service too!,google_maps,Bling Barbiee,,0
